model,benchmark,skill_config,score,score_std,pass_rate,n_cases,avg_latency_ms,latency_std,avg_tokens,skill_delta,n_runs
ministral-3:14b,end_to_end_task_completion,all_skills,0.848,0.000,84.8%,33,31871.2,4223.2,34486,+0.273,3
ministral-3:14b,end_to_end_task_completion,no_skills,0.576,0.000,57.6%,33,9315.2,1205.4,3248,—,3
ministral-3:14b,skill_selection_accuracy,all_skills,1.000,0.000,100.0%,33,12082.9,9470.5,19377,n/a,3
ministral-3:3b,end_to_end_task_completion,all_skills,0.909,0.000,90.9%,33,13218.8,518.9,41863,+0.576,3
ministral-3:3b,end_to_end_task_completion,no_skills,0.333,0.000,33.3%,33,6334.0,377.9,3981,—,3
ministral-3:3b,skill_selection_accuracy,all_skills,0.970,0.000,97.0%,33,3743.9,3438.8,19378,n/a,3
ministral-3:8b,end_to_end_task_completion,all_skills,0.939,0.000,93.9%,33,23136.7,697.4,40989,+0.424,3
ministral-3:8b,end_to_end_task_completion,no_skills,0.515,0.000,51.5%,33,6269.2,466.2,3352,—,3
ministral-3:8b,skill_selection_accuracy,all_skills,1.000,0.000,100.0%,33,6825.0,5999.6,19377,n/a,3
